"<persName ref=""people.xml#abd01"">Abdoul Hamet</persName>	letter-02998	
<persName ref=""people.xml#abd01"">Abdoul Hamet</persName>	letter-03013	
<persName ref=""people.xml#abd01"">Abdoul Hamet</persName>	letter-03561	
<persName ref=""people.xml#abd01"">Abdoul Hamet</persName>	letter-03602	
<persName ref=""people.xml#abd01"">Abdoul Hamet</persName>	letter-03627	
<persName ref=""people.xml#abd01"">Abdoul Hamet</persName>	letter-03644	
<persName ref=""people.xml#abd01"">Abdul-Hamet</persName>	letter-02963	
<persName ref=""people.xml#abd01"">Abdul</persName>	letter-00005	
<persName ref=""people.xml#abd01"">le sultan Abdoul Hamet</persName>	letter-00057	
<persName ref=""people.xml#abd01"">sultan</persName>	letter-02963	
<persName ref=""people.xml#abd01"">Абдул-Гамет</persName>	letter-00022	
<persName ref=""people.xml#abd02"">турецким коммисаром</persName>	letter-02893	
<persName ref=""people.xml#abd04"">Begler bey</persName>	letter-02782	
<persName ref=""people.xml#ach01"">Achille</persName>	letter-03561	
<persName ref=""people.xml#ach01"">Achille</persName>	letter-03670	
<persName ref=""people.xml#ach01"">Achille</persName>	letter-03679	
<persName ref=""people.xml#adb01"">Abdoul Hamit</persName>	letter-02780	
<persName ref=""people.xml#ado01"">Adolph Friedrich</persName>	letter-03662	
<persName ref=""people.xml#aga01"">Agamemnon</persName>	letter-03561	
<persName ref=""people.xml#aga02"">Aga Mehemet</persName>	letter-03735	
<persName ref=""people.xml#aga02"">Aga Mehèmet-kan</persName>	letter-03734	
<persName ref=""people.xml#aga02"">kan</persName>	letter-03734	
<persName ref=""people.xml#agu01"">Aguesseau</persName>	letter-03630	
<persName ref=""people.xml#agu01"">d’Aguesseau</persName>	letter-03634	
<persName ref=""people.xml#ain01"">Ainslie</persName>	letter-03688	
<persName ref=""people.xml#ain01"">Ainsly</persName>	letter-00092	
<persName ref=""people.xml#ain01"">Энсли,</persName>	letter-00827	
<persName ref=""people.xml#ait01"">Айтуган</persName>	letter-00023	
<persName ref=""people.xml#alb02"">бабке</persName>	letter-01256	
<persName ref=""people.xml#ale01"">A. I.</persName>	letter-03595	
<persName ref=""people.xml#ale01"">A</persName>	letter-03566	
<persName ref=""people.xml#ale01"">Alexander</persName>	letter-03705	
<persName ref=""people.xml#ale01"">Alexandra</persName>	letter-03724	
<persName ref=""people.xml#ale01"">Alexandre </persName>	letter-03606	
<persName ref=""people.xml#ale01"">Alexandre </persName>	letter-03620	
<persName ref=""people.xml#ale01"">Alexandre </persName>	letter-03621	
<persName ref=""people.xml#ale01"">Alexandre </persName>	letter-03622	
<persName ref=""people.xml#ale01"">Alexandre </persName>	letter-03644	
<persName ref=""people.xml#ale01"">Alexandre</persName>	letter-03000	
<persName ref=""people.xml#ale01"">Alexandre</persName>	letter-03001	
<persName ref=""people.xml#ale01"">Alexandre</persName>	letter-03002	
<persName ref=""people.xml#ale01"">Alexandre</persName>	letter-03005	
<persName ref=""people.xml#ale01"">Alexandre</persName>	letter-03006	
<persName ref=""people.xml#ale01"">Alexandre</persName>	letter-03561	
<persName ref=""people.xml#ale01"">Alexandre</persName>	letter-03588	
<persName ref=""people.xml#ale01"">Alexandre</persName>	letter-03591	
<persName ref=""people.xml#ale01"">Alexandre</persName>	letter-03592	
<persName ref=""people.xml#ale01"">Alexandre</persName>	letter-03593	
<persName ref=""people.xml#ale01"">Alexandre</persName>	letter-03595	
<persName ref=""people.xml#ale01"">Alexandre</persName>	letter-03600	
<persName ref=""people.xml#ale01"">Alexandre</persName>	letter-03611	
<persName ref=""people.xml#ale01"">Alexandre</persName>	letter-03618	
<persName ref=""people.xml#ale01"">Alexandre</persName>	letter-03621	
<persName ref=""people.xml#ale01"">Alexandre</persName>	letter-03622	
<persName ref=""people.xml#ale01"">Alexandre</persName>	letter-03625	
<persName ref=""people.xml#ale01"">Alexandre</persName>	letter-03644	
<persName ref=""people.xml#ale01"">Alexandre</persName>	letter-03654	
<persName ref=""people.xml#ale01"">Alexandre</persName>	letter-03662	
<persName ref=""people.xml#ale01"">Alexandre</persName>	letter-03669	
<persName ref=""people.xml#ale01"">Alexandre</persName>	letter-03670	
<persName ref=""people.xml#ale01"">Alexandre</persName>	letter-03672	
<persName ref=""people.xml#ale01"">Alexandre</persName>	letter-03681	
<persName ref=""people.xml#ale01"">Alexandre</persName>	letter-03683	
<persName ref=""people.xml#ale01"">Alexandre</persName>	letter-03695	
<persName ref=""people.xml#ale01"">Alexandre</persName>	letter-03696	
<persName ref=""people.xml#ale01"">Alexandre</persName>	letter-03706	
<persName ref=""people.xml#ale01"">Alexandre</persName>	letter-03715	
<persName ref=""people.xml#ale01"">Alexandre</persName>	letter-03728	
<persName ref=""people.xml#ale01"">Alexandre</persName>	letter-03729	
<persName ref=""people.xml#ale01"">Alexandre</persName>	letter-03737	
<persName ref=""people.xml#ale01"">Alexandre</persName>	letter-03738	
<persName ref=""people.xml#ale01"">M. Alex</persName>	letter-03675	
<persName ref=""people.xml#ale01"">M. Alexander</persName>	letter-03587	
<persName ref=""people.xml#ale01"">M. Alexandre </persName>	letter-03600	
<persName ref=""people.xml#ale01"">M. Alexandre</persName>	letter-03002	
<persName ref=""people.xml#ale01"">M. Alexandre</persName>	letter-03565	
<persName ref=""people.xml#ale01"">M. Alexandre</persName>	letter-03566	
<persName ref=""people.xml#ale01"">M. Alexandre</persName>	letter-03567	
<persName ref=""people.xml#ale01"">M. Alexandre</persName>	letter-03569	
<persName ref=""people.xml#ale01"">M. Alexandre</persName>	letter-03570	
<persName ref=""people.xml#ale01"">M. Alexandre</persName>	letter-03576	
<persName ref=""people.xml#ale01"">M. Alexandre</persName>	letter-03580	
<persName ref=""people.xml#ale01"">M. Alexandre</persName>	letter-03584	
<persName ref=""people.xml#ale01"">M. Alexandre</persName>	letter-03587	
<persName ref=""people.xml#ale01"">M. Alexandre</persName>	letter-03593	
<persName ref=""people.xml#ale01"">M. Alexandre</persName>	letter-03594	
<persName ref=""people.xml#ale01"">M. Alexandre</persName>	letter-03595	
<persName ref=""people.xml#ale01"">M. Alexandre</persName>	letter-03597	
<persName ref=""people.xml#ale01"">M. Alexandre</persName>	letter-03600	
<persName ref=""people.xml#ale01"">M. Alexandre</persName>	letter-03602	
<persName ref=""people.xml#ale01"">M. Alexandre</persName>	letter-03606	
<persName ref=""people.xml#ale01"">Monsieur Alexandre</persName>	letter-03597	
<persName ref=""people.xml#ale01"">внуков </persName>	letter-02916	
<persName ref=""people.xml#ale01"">Alexander</persName>	letter-03580	
<persName ref=""people.xml#ale01"">Alexander</persName>	letter-03595	
<persName ref=""people.xml#ale01"">Alexander</persName>	letter-03669	
<persName ref=""people.xml#ale01"">M. Alexandre</persName>	letter-03585	
<persName ref=""people.xml#ale01"">Александре Павловиче</persName>	letter-00069	
<persName ref=""people.xml#ale02"">Alexandra Pavlovna</persName>	letter-03602	
<persName ref=""people.xml#ale02"">Alexandrine</persName>	letter-03646	
<persName ref=""people.xml#ale02"">Alexandrine</persName>	letter-03695	
<persName ref=""people.xml#ale02"">Alexandrine</persName>	letter-03716	
<persName ref=""people.xml#ale02"">Alexandrine</persName>	letter-03720	
<persName ref=""people.xml#ale02"">Alexandrine</persName>	letter-03728	
<persName ref=""people.xml#ale04"">Alexandre le Grand</persName>	letter-03595	
<persName ref=""people.xml#ale04"">Alexandre-le Grand</persName>	letter-03000	
<persName ref=""people.xml#ale04"">Alexandre</persName>	letter-03016	
<persName ref=""people.xml#ale05"">Алексиано</persName>	letter-00854	
<persName ref=""people.xml#ale06"">Alembert</persName>	letter-02715	
<persName ref=""people.xml#ale06"">Alembert</persName>	letter-03705	
<persName ref=""people.xml#ale06"">D’Alembert</persName>	letter-03608	
<persName ref=""people.xml#ale06"">d’Alemberg</persName>	letter-02772	
<persName ref=""people.xml#ale06"">d’Alembert</persName>	letter-02743	
<persName ref=""people.xml#ale06"">d’Alembert</persName>	letter-02939	
<persName ref=""people.xml#ale06"">d’Alembert</persName>	letter-02942	
<persName ref=""people.xml#ale06"">d’Alembert</persName>	letter-02943	
<persName ref=""people.xml#ale06"">d’Alembert</persName>	letter-02945	
<persName ref=""people.xml#ale06"">d’Alembert</persName>	letter-02946	
<persName ref=""people.xml#ale06"">d'alembert</persName>	letter-02713	
<persName ref=""people.xml#alf01"">Alfred</persName>	letter-03708	
<persName ref=""people.xml#alg02"">Olgerd</persName>	letter-03705	
<persName ref=""people.xml#all01"">Доктор Аллеман</persName>	letter-00033	
<persName ref=""people.xml#amb01"">Ambroise</persName>	letter-02758	
<persName ref=""people.xml#amb01"">Каменскаго Бискупа</persName>	letter-01204	
<persName ref=""people.xml#amy01"">Malmsbury</persName>	letter-03674	
<persName ref=""people.xml#anh01"">comte d’Anhalt</persName>	letter-03603	
<persName ref=""people.xml#anh01"">comte d’Anhalt</persName>	letter-03604	
<persName ref=""people.xml#anh01"">comte d’Anhalt</persName>	letter-03608	
<persName ref=""people.xml#anh01"">comte d’Anhalt</persName>	letter-03611	
<persName ref=""people.xml#anh01"">comte d’Anhalt</persName>	letter-03634	
<persName ref=""people.xml#anh01"">d’Anhalt</persName>	letter-03695	
<persName ref=""people.xml#anh01"">Ангальтских</persName>	letter-01119	
<persName ref=""people.xml#anh01"">Графом Ангальтом</persName>	letter-00852	
<persName ref=""people.xml#ann02"">Anna Théodorovna</persName>	letter-03722	
<persName ref=""people.xml#ann02"">Julie</persName>	letter-03716	
<persName ref=""people.xml#ann02"">Julie</persName>	letter-03722	
<persName ref=""people.xml#ant01"">comte Lasey</persName>	letter-03594	
<persName ref=""people.xml#ant04"">Antoinette</persName>	letter-03725	
<persName ref=""people.xml#app01"">Apollon</persName>	letter-03679	
<persName ref=""people.xml#app01"">Appollon</persName>	letter-02744	
<persName ref=""people.xml#app01"">Appolon</persName>	letter-02744	
<persName ref=""people.xml#ara01"">Aranda</persName>	letter-03679	
<persName ref=""people.xml#arc01"">mons. Archetti</persName>	letter-03622	
<persName ref=""people.xml#arc01"">Папский посол</persName>	letter-00764	
<persName ref=""people.xml#arm01"">Armfelt</persName>	letter-03668	
<persName ref=""people.xml#arm01"">Armfelt</persName>	letter-03669	
<persName ref=""people.xml#arm01"">Armfelt</persName>	letter-03708	
<persName ref=""people.xml#arm01"">Armfeldt</persName>	letter-03316	
<persName ref=""people.xml#ass01"">Ассебург</persName>	letter-01149	
<persName ref=""people.xml#ass01"">Ассебург</persName>	letter-01179	
<persName ref=""people.xml#ass01"">Ассебург</persName>	letter-01236	
<persName ref=""people.xml#att01"">Attila</persName>	letter-02752	
<persName ref=""people.xml#aub01"">Aubri</persName>	letter-02774	
<persName ref=""people.xml#aud01"">Mad. d’Audet</persName>	letter-03627	
<persName ref=""people.xml#aud01"">mad. Audet</persName>	letter-03573	
<persName ref=""people.xml#auf01"">Aufresne</persName>	letter-03625	
<persName ref=""people.xml#aug01"">Zelmire</persName>	letter-03558	
<persName ref=""people.xml#aug01"">Zelmire</persName>	letter-03595	
<persName ref=""people.xml#aug01"">Zelmire</persName>	letter-03623	
<persName ref=""people.xml#aug01"">Zelmire</persName>	letter-03624	
<persName ref=""people.xml#aug01"">Zelmire</persName>	letter-03625	
<persName ref=""people.xml#aug01"">Zelmire</persName>	letter-03627	
<persName ref=""people.xml#aug01"">Zelmire</persName>	letter-03642	
<persName ref=""people.xml#aug01"">Zelmire</persName>	letter-03644	
<persName ref=""people.xml#aug01"">Zelmire</persName>	letter-03646	
<persName ref=""people.xml#aug01"">Zelmire</persName>	letter-03651	
<persName ref=""people.xml#aug01"">Zelmire</persName>	letter-03653	
<persName ref=""people.xml#aug01"">Zelmire</persName>	letter-03654	
<persName ref=""people.xml#aug01"">Zelmire</persName>	letter-03658	
<persName ref=""people.xml#aug01"">Zelmire</persName>	letter-03662	
<persName ref=""people.xml#aug01"">Zelmire</persName>	letter-03664	
<persName ref=""people.xml#aug01"">Zelmire</persName>	letter-00048	
<persName ref=""people.xml#aug01"">Zelmire</persName>	letter-03594	
<persName ref=""people.xml#aug01"">Zelmire</persName>	letter-03597	
<persName ref=""people.xml#aug01"">Zelmire</persName>	letter-03602	
<persName ref=""people.xml#aug01"">Zelmire</persName>	letter-03669	
<persName ref=""people.xml#aug06"">prince Ferdinand</persName>	letter-03712	
<persName ref=""people.xml#aug07"">princesse héréditaire</persName>	letter-03716	
<persName ref=""people.xml#aug08"">Augard</persName>	letter-03719	
<persName ref=""people.xml#aug08"">Augard</persName>	letter-03735	
<persName ref=""people.xml#aut01"">Chape</persName>	letter-04760	
<persName ref=""people.xml#azo01"">Azor</persName>	letter-02994	
<persName ref=""people.xml#azo01"">Azor</persName>	letter-03004	
<persName ref=""people.xml#azo01"">Francisque Azor</persName>	letter-03004	
<persName ref=""people.xml#bac01"">Bac</persName>	letter-03693	
<persName ref=""people.xml#bac01"">Bacchus Gloutonewitch</persName>	letter-03649	
<persName ref=""people.xml#bac01"">Bacchus Gloutonewitz</persName>	letter-03632	
<persName ref=""people.xml#bac01"">Bacchus Gloutonowitz</persName>	letter-03630	
<persName ref=""people.xml#bac01"">Bacchus</persName>	letter-03639	
<persName ref=""people.xml#bac01"">Bacchus</persName>	letter-03653	
<persName ref=""people.xml#bac01"">Bacchus</persName>	letter-03662	
<persName ref=""people.xml#bac01"">Bacchus</persName>	letter-03665	
<persName ref=""people.xml#bac01"">Bacchus</persName>	letter-03666	
<persName ref=""people.xml#bac01"">Bacchus</persName>	letter-03669	
<persName ref=""people.xml#bac01"">Bacchus</persName>	letter-03671	
<persName ref=""people.xml#bac01"">Bacchus</persName>	letter-03728	
<persName ref=""people.xml#bac01"">Bacchus</persName>	letter-03729	
<persName ref=""people.xml#bac02"">Bacher</persName>	letter-03715	
<persName ref=""people.xml#bai01"">M. Bailly</persName>	letter-03644	
<persName ref=""people.xml#bai01"">M. Bailly</persName>	letter-03662	
<persName ref=""people.xml#bai01"">M. de Bailly</persName>	letter-03661	
<persName ref=""people.xml#bal0"">Balue</persName>	letter-03595	
<persName ref=""people.xml#bal01"">Balu</persName>	letter-03679	
<persName ref=""people.xml#bal02"">Mad. Balu</persName>	letter-03602	
<persName ref=""people.xml#bar02"">Bariatinski</persName>	letter-03580	
<persName ref=""people.xml#bar02"">Bariatinski</persName>	letter-03604	
<persName ref=""people.xml#bar02"">Bariatinski</persName>	letter-03624	
<persName ref=""people.xml#bar02"">pr. Bariatinski</persName>	letter-03582	
<persName ref=""people.xml#bar02"">prince Bariatinski</persName>	letter-02985	
<persName ref=""people.xml#bar02"">prince Bariatinski</persName>	letter-03015	
<persName ref=""people.xml#bar02"">Барятинский</persName>	letter-00676	
<persName ref=""people.xml#bar05"">Барко</persName>	letter-02911	
<persName ref=""people.xml#bar08"">Barral</persName>	letter-04774	
<persName ref=""people.xml#bas01"">Петру Баскакову</persName>	letter-02852	
<persName ref=""people.xml#bas02"">Basile</persName>	letter-03016	
<persName ref=""people.xml#bas02"">Basile</persName>	letter-03018	
<persName ref=""people.xml#bas02"">Bastille</persName>	letter-03669	
<persName ref=""people.xml#bas04"">Baschlofski</persName>	letter-03622	
<persName ref=""people.xml#bau01"">Bauer</persName>	letter-03595	
<persName ref=""people.xml#bau01"">Bauer</persName>	letter-03600	
<persName ref=""people.xml#bau01"">Bauer</persName>	letter-03602	
<persName ref=""people.xml#bau01"">Bauer</persName>	letter-03686	
<persName ref=""people.xml#bau01"">Bauer</persName>	letter-03687	
<persName ref=""people.xml#bau01"">Bauer</persName>	letter-03691	
<persName ref=""people.xml#bau01"">Le g. Bauer</persName>	letter-03590	
<persName ref=""people.xml#bau01"">g-l Bauer</persName>	letter-03602	
<persName ref=""people.xml#bau01"">général Bauer</persName>	letter-03592	
<persName ref=""people.xml#bau01"">général Bauer</persName>	letter-03595	
<persName ref=""people.xml#bau04"">Baudouin</persName>	letter-03587	
<persName ref=""people.xml#bau04"">Baudouin</persName>	letter-03592	
<persName ref=""people.xml#bau04"">Baudouin</persName>	letter-03603	
<persName ref=""people.xml#bau04"">Baudouin</persName>	letter-03604	
<persName ref=""people.xml#bau04"">Baudouin</persName>	letter-03605	
<persName ref=""people.xml#bau04"">Baudouin</persName>	letter-03608	
<persName ref=""people.xml#bau04"">Baudouin</persName>	letter-03610	
<persName ref=""people.xml#bau04"">comte de Baudouin</persName>	letter-03608	
<persName ref=""people.xml#bau05"">Baudouin</persName>	letter-03588	
<persName ref=""people.xml#bau05"">Baumé</persName>	letter-03566	
<persName ref=""people.xml#bau06"">Beausset</persName>	letter-03570	
<persName ref=""people.xml#bau06"">Beausset</persName>	letter-03607	
<persName ref=""people.xml#bay01"">M. Baylies</persName>	letter-00004	
<persName ref=""people.xml#bea01"">Baumarchais</persName>	letter-03576	
<persName ref=""people.xml#bea01"">Beaumarchais</persName>	letter-03583	
<persName ref=""people.xml#bea01"">Beaumarchais</persName>	letter-03653	
<persName ref=""people.xml#bea01"">Figaro</persName>	letter-03602	
<persName ref=""people.xml#bea01"">Figaro</persName>	letter-03625	
<persName ref=""people.xml#bea01"">Бомарше</persName>	letter-00075	
<persName ref=""people.xml#bea02"">Mme. Beaulieu</persName>	letter-03621	
<persName ref=""people.xml#bel01"">Белича</persName>	letter-02853	
<persName ref=""people.xml#bel01"">Беличь</persName>	letter-02853	
<persName ref=""people.xml#bel01"">Ефим Беличь</persName>	letter-02853	
<persName ref=""people.xml#bel01"">prince Bélosselski</persName>	letter-00004	
<persName ref=""people.xml#bel01"">prince Bélosselski</persName>	letter-02993	
<persName ref=""people.xml#bel01"">prince Bélosselski</persName>	letter-02994	
<persName ref=""people.xml#bel03"">Jupiter-Belus</persName>	letter-03618	
<persName ref=""people.xml#bel04"">Belsunce</persName>	letter-03677	
<persName ref=""people.xml#bel04"">Belsunce</persName>	letter-03679	
<persName ref=""people.xml#bel04"">M. de Belsunce</persName>	letter-03676	
<persName ref=""people.xml#bel04"">de Belsunce</persName>	letter-03665	
<persName ref=""people.xml#ben02"">Jean Benislawski</persName>	letter-02955	
<persName ref=""people.xml#ber01"">Bering</persName>	letter-00059	
<persName ref=""people.xml#ber02"">Bering</persName>	letter-00059	
<persName ref=""people.xml#ber03"">cardinal de Bernis</persName>	letter-02990	
<persName ref=""people.xml#ber03"">cardinal de Bernis</persName>	letter-03558	
<persName ref=""people.xml#ber04"">Bertin</persName>	letter-03010	
<persName ref=""people.xml#ber04"">demoiselle Bertin</persName>	letter-03016	
<persName ref=""people.xml#ber05"">Bertin</persName>	letter-03010	
<persName ref=""people.xml#ber05"">Bertin</persName>	letter-03575	
<persName ref=""people.xml#ber05"">Bertin</persName>	letter-03622	
<persName ref=""people.xml#ber05"">Bertin</persName>	letter-03634	
<persName ref=""people.xml#ber05"">Bertin</persName>	letter-03672	
<persName ref=""people.xml#ber05"">Bertin</persName>	letter-03712	
<persName ref=""people.xml#ber05"">Sr Bertin</persName>	letter-03610	
<persName ref=""people.xml#ber05"">Sr Bertin</persName>	letter-03613	
<persName ref=""people.xml#ber05"">Monsieur Bertin</persName>	letter-03016	
<persName ref=""people.xml#ber06"">Berg</persName>	letter-02743	
<persName ref=""people.xml#ber07"">Gros Réné</persName>	letter-03669	
<persName ref=""people.xml#ber07"">Gros Réné</persName>	letter-03670	
<persName ref=""people.xml#ber08"">Bertuch</persName>	letter-03690	
<persName ref=""people.xml#bes01"">Bestoujef</persName>	letter-03662	
<persName ref=""people.xml#bet01"">Betski</persName>	letter-02937	
<persName ref=""people.xml#bet01"">Betski</persName>	letter-03577	
<persName ref=""people.xml#bet01"">Betski</persName>	letter-03635	
<persName ref=""people.xml#bet01"">Betski</persName>	letter-03714	
<persName ref=""people.xml#bet01"">Betsky</persName>	letter-02937	
<persName ref=""people.xml#bet01"">Betzki</persName>	letter-02947	
<persName ref=""people.xml#bet01"">Betzki</persName>	letter-04740	
<persName ref=""people.xml#bet01"">Betzki</persName>	letter-04747	
<persName ref=""people.xml#bet01"">Betzki</persName>	letter-04758	
<persName ref=""people.xml#bet01"">Betzki</persName>	letter-04769	
<persName ref=""people.xml#bet01"">Betzki</persName>	letter-04775	
<persName ref=""people.xml#bet01"">Betzki</persName>	letter-04777	
<persName ref=""people.xml#bet01"">Betzki</persName>	letter-04778	
<persName ref=""people.xml#bet01"">Betzki</persName>	letter-04798	
<persName ref=""people.xml#bet01"">Betzky</persName>	letter-04737	
<persName ref=""people.xml#bet01"">M. Betski</persName>	letter-03562	
<persName ref=""people.xml#bet01"">M. Betski</persName>	letter-03591	
<persName ref=""people.xml#bet01"">M. Betski</persName>	letter-03635	
<persName ref=""people.xml#bet01"">M. Betski</persName>	letter-03645	
<persName ref=""people.xml#bet01"">M. de Betski</persName>	letter-03573	
<persName ref=""people.xml#bet01"">Betzki</persName>	letter-04772	
<persName ref=""people.xml#beu01"">Emilie</persName>	letter-03608	
<persName ref=""people.xml#bez01"">Bezborodka</persName>	letter-03559	
<persName ref=""people.xml#bez01"">Bezborodka</persName>	letter-03561	
<persName ref=""people.xml#bez01"">Bezborodka</persName>	letter-03562	
<persName ref=""people.xml#bez01"">Bezborodka</persName>	letter-03573	
<persName ref=""people.xml#bez01"">Bezborodka</persName>	letter-03580	
<persName ref=""people.xml#bez01"">Bezborodka</persName>	letter-03582	
<persName ref=""people.xml#bez01"">Bezborodka</persName>	letter-03587	
<persName ref=""people.xml#bez01"">Bezborodka</persName>	letter-03622	
<persName ref=""people.xml#bez01"">M. Bezborodka</persName>	letter-03580	
<persName ref=""people.xml#bez01"">factotum</persName>	letter-03627	
<persName ref=""people.xml#bez01"">Гр[афу] Безбор[одко]</persName>	letter-00085	
<persName ref=""people.xml#bib01"">Bibikof</persName>	letter-03654	
<persName ref=""people.xml#bib01"">M. Bibikof</persName>	letter-03563	
<persName ref=""people.xml#bib01"">M. Bibikof</persName>	letter-00004	
<persName ref=""people.xml#bib01"">M. Bibikof</persName>	letter-03601	
<persName ref=""people.xml#bib01"">général Bibikof</persName>	letter-00003	
<persName ref=""people.xml#bib01"">général Bibikof</persName>	letter-00040	
<persName ref=""people.xml#bib01"">Бибиков</persName>	letter-01230	
<persName ref=""people.xml#bib01"">генералу Бибикову</persName>	letter-00041	
<persName ref=""people.xml#bib02"">Bibikoff</persName>	letter-02929	
<persName ref=""people.xml#bib03"">Bibiena</persName>	letter-02996	
<persName ref=""people.xml#bib04"">Bibiena</persName>	letter-03023	
<persName ref=""people.xml#bib05"">Bibiena</persName>	letter-03009	
<persName ref=""people.xml#bil01"">sir Billings</persName>	letter-03625	
<persName ref=""people.xml#bir01"">maréchal Biron</persName>	letter-03623	
<persName ref=""people.xml#bir02"">duc de Courlande</persName>	letter-02648	
<persName ref=""people.xml#bir03"">Biron</persName>	letter-03595	
<persName ref=""people.xml#bla02"">maître Blaise</persName>	letter-03569	
<persName ref=""people.xml#bla03"">M. Blandow</persName>	letter-03594	
<persName ref=""people.xml#bob01"">Bobrinski</persName>	letter-03621	
<persName ref=""people.xml#bob01"">Bobrinski</persName>	letter-03644	
<persName ref=""people.xml#bob01"">Bo[brinski]</persName>	letter-00668	
<persName ref=""people.xml#boc01"">Bock</persName>	letter-03582	
<persName ref=""people.xml#boe01"">Boehmer</persName>	letter-03627	
<persName ref=""people.xml#boi01"">Boileau</persName>	letter-00090	
<persName ref=""people.xml#boi02"">Damas</persName>	letter-03725	
<persName ref=""people.xml#boi03"">Boisgelin</persName>	letter-03728	
<persName ref=""people.xml#bol02"">Boltine</persName>	letter-03708	
<persName ref=""people.xml#bol02"">Boltine</persName>	letter-03711	
<persName ref=""people.xml#bom01"">Bombelles</persName>	letter-03671	
<persName ref=""people.xml#bom01"">Bombelles</persName>	letter-03678	
<persName ref=""people.xml#bom01"">Bombelles</persName>	letter-03679	
<persName ref=""people.xml#bom01"">Bombelles</persName>	letter-03728	
<persName ref=""people.xml#bom01"">Bombelles</persName>	letter-03733	
<persName ref=""people.xml#bom01"">marquis de Bombelles</persName>	letter-03678	
<persName ref=""people.xml#bon02"">Bonnet</persName>	letter-03622	
<persName ref=""people.xml#bor01"">Bork</persName>	letter-03689	
<persName ref=""people.xml#bor02"">Borissof</persName>	letter-03588	
<persName ref=""people.xml#bor05"">M. de La Borde</persName>	letter-03721	
<persName ref=""people.xml#bos01"">Боссетовой</persName>	letter-01155	
<persName ref=""people.xml#bou03"">Boutourl</persName>	letter-02945	
<persName ref=""people.xml#bou03"">Boutourlin</persName>	letter-02945	
<persName ref=""people.xml#bou04"">Chev: de Boufleurs</persName>	letter-02751	
<persName ref=""people.xml#bou04"">ch. de Boufflers</persName>	letter-03715	
<persName ref=""people.xml#bou05"">Bouilly</persName>	letter-03673	
<persName ref=""people.xml#bou05"">Bouillé</persName>	letter-03671	
<persName ref=""people.xml#bou05"">Bouillé</persName>	letter-03672	
<persName ref=""people.xml#bou5"">M. Bouillé</persName>	letter-03669	
<persName ref=""people.xml#boy01"">marquis d’Argens</persName>	letter-03555	
<persName ref=""people.xml#boy02"">Boydell</persName>	letter-03715	
<persName ref=""people.xml#bra01"">Branitzki</persName>	letter-00030	
<persName ref=""people.xml#bra01"">C-te Branitski</persName>	letter-00031	
<persName ref=""people.xml#bra01"">Cte: Branitzky</persName>	letter-00031	
<persName ref=""people.xml#bra01"">comte Branitzki</persName>	letter-00008	
<persName ref=""people.xml#bra02"">Александры Васильевны </persName>	letter-00850	
<persName ref=""people.xml#bra04"">Брага</persName>	letter-00852	
<persName ref=""people.xml#bra05"">duc de Bragance</persName>	letter-02987	
<persName ref=""people.xml#bra05"">duc de Bragance</persName>	letter-03002	
<persName ref=""people.xml#bra05"">duc de Bragance</persName>	letter-03003	
<persName ref=""people.xml#bra06"">Brazinsky</persName>	letter-03636	
<persName ref=""people.xml#bra08"">Brancamp</persName>	letter-02761	
<persName ref=""people.xml#bre01"">Breteuil</persName>	letter-02990	
<persName ref=""people.xml#bre01"">Breteuil</persName>	letter-02995	
<persName ref=""people.xml#bre01"">M. de Breteuil</persName>	letter-02997	
<persName ref=""people.xml#bre01"">marquis de Breme</persName>	letter-03669	
<persName ref=""people.xml#bre02"">Breteuil</persName>	letter-03674	
<persName ref=""people.xml#bre02"">Breteuil</persName>	letter-03678	
<persName ref=""people.xml#bre02"">Breteuil</persName>	letter-03679	
<persName ref=""people.xml#bre02"">Breteuil</persName>	letter-03691	
<persName ref=""people.xml#bre02"">M-r de Breteuil</persName>	letter-02936	
<persName ref=""people.xml#bre02"">baron de Breteuil</persName>	letter-03627	
<persName ref=""people.xml#bre02"">Breteuil</persName>	letter-03672	
<persName ref=""people.xml#bre03"">Breteuil</persName>	letter-03577	
<persName ref=""people.xml#bre03"">Breteuil</persName>	letter-03594	
<persName ref=""people.xml#bre03"">Breteuil</persName>	letter-03595	
<persName ref=""people.xml#bre03"">Breteuil</persName>	letter-03624	
<persName ref=""people.xml#bre03"">Breteuil</persName>	letter-03625	
<persName ref=""people.xml#bre03"">Breteuil</persName>	letter-03587	
<persName ref=""people.xml#bri01"">Briséis</persName>	letter-03561	
<persName ref=""people.xml#bri02"">Brisson</persName>	letter-02770	
<persName ref=""people.xml#bro01"">Braun</persName>	letter-02721	
<persName ref=""people.xml#bro01"">Броуну</persName>	letter-00535	
<persName ref=""people.xml#bro03"">Brozine</persName>	letter-03587	
<persName ref=""people.xml#bro04"">Bromptonienne</persName>	letter-03596	
<persName ref=""people.xml#bru02"">Bruce</persName>	letter-02940	
<persName ref=""people.xml#bru02"">comte Bruce</persName>	letter-03624	
<persName ref=""people.xml#bru02"">comte de Bruce</persName>	letter-03592	
<persName ref=""people.xml#bru02"">le comte Bruce</persName>	letter-03600	
<persName ref=""people.xml#bru04"">comtesse Bruce</persName>	letter-03620	
<persName ref=""people.xml#bru04"">la comtesse Bruce</persName>	letter-03621	
<persName ref=""people.xml#bru04"">Брюсша</persName>	letter-00009	
<persName ref=""people.xml#bru06"">Mad. Le Brun</persName>	letter-03720	
<persName ref=""people.xml#bru06"">Madame Le Brun</persName>	letter-03716	
<persName ref=""people.xml#bud01"">Михайлу Власьевичу Будлянскому</persName>	letter-01270	
<persName ref=""people.xml#bud02"">Budberg</persName>	letter-03715	
<persName ref=""people.xml#bud02"">Budberg</persName>	letter-03716	
<persName ref=""people.xml#bud02"">Budberg</persName>	letter-03728	
<persName ref=""people.xml#bue01"">Bueil</persName>	letter-03634	
<persName ref=""people.xml#bue01"">Bueil</persName>	letter-03636	
<persName ref=""people.xml#bue01"">Emilie de Belsunce</persName>	letter-03627	
<persName ref=""people.xml#bue01"">Emilie</persName>	letter-03594	
<persName ref=""people.xml#bue01"">Emilie</persName>	letter-03602	
<persName ref=""people.xml#bue01"">Emilie</persName>	letter-03608	
<persName ref=""people.xml#bue01"">Emilie</persName>	letter-03620	
<persName ref=""people.xml#bue01"">Emilie</persName>	letter-03622	
<persName ref=""people.xml#bue01"">Emilie</persName>	letter-03625	
<persName ref=""people.xml#bue01"">Emilie</persName>	letter-03627	
<persName ref=""people.xml#bue01"">Emilie</persName>	letter-03628	
<persName ref=""people.xml#bue01"">Mad. de Bueil</persName>	letter-03636	
<persName ref=""people.xml#bue01"">Mad. du Bueil</persName>	letter-03669	
<persName ref=""people.xml#bue01"">Mad. du Bueil</persName>	letter-03708	
<persName ref=""people.xml#bue01"">Mad: du Bueil</persName>	letter-03644	
<persName ref=""people.xml#bue01"">Madame de Bueil</persName>	letter-03662	
<persName ref=""people.xml#bue01"">Madame du Bueil</persName>	letter-03689	
<persName ref=""people.xml#bue01"">comtesse de Bueil</persName>	letter-03650	
<persName ref=""people.xml#bue01"">comtesse de Bueil</persName>	letter-03666	
<persName ref=""people.xml#bue01"">du Bueil</persName>	letter-03672	
<persName ref=""people.xml#bue01"">mad. du Bueil</persName>	letter-03682	
<persName ref=""people.xml#bue01"">madame de Bueil</persName>	letter-03704	
<persName ref=""people.xml#bue01"">madame du Bueil</persName>	letter-03646	
<persName ref=""people.xml#bue01"">madame du Bueil</persName>	letter-03662	
<persName ref=""people.xml#bue01"">madame du Bueil</persName>	letter-03677	
<persName ref=""people.xml#bue01"">madame du Bueil</persName>	letter-03689	
<persName ref=""people.xml#bue01"">madame du Bueil</persName>	letter-03725	
<persName ref=""people.xml#bue02"">M. du Bueil</persName>	letter-03662	
<persName ref=""people.xml#bue02"">baron de Breteuil</persName>	letter-03654	
<persName ref=""people.xml#bue02"">comte de Bueil</persName>	letter-03654	
<persName ref=""people.xml#bue02"">comte de Bueil</persName>	letter-03728	
<persName ref=""people.xml#bue02"">comte de Bueil</persName>	letter-03732	
<persName ref=""people.xml#bue02"">comte</persName>	letter-03634	
<persName ref=""people.xml#buf01"">M. le comte de Buffon</persName>	letter-03576	
<persName ref=""people.xml#buf02"">Buffon</persName>	letter-03618	
<persName ref=""people.xml#buf02"">M. de Buffo</persName>	letter-03601	
<persName ref=""people.xml#buf02"">M. de Buffon</persName>	letter-03586	
<persName ref=""people.xml#buf02"">M. de Buffon</persName>	letter-03590	
<persName ref=""people.xml#buf02"">M. de Buffon</persName>	letter-03593	
<persName ref=""people.xml#buf02"">M. de Buffon</persName>	letter-03595	
<persName ref=""people.xml#buf02"">M. de Buffon</persName>	letter-03650	
<persName ref=""people.xml#buf02"">M. de Buffon</persName>	letter-03662	
<persName ref=""people.xml#buf02"">M. le comte de Buffon père</persName>	letter-03600	
<persName ref=""people.xml#buf03"">fils de M. de Buffon</persName>	letter-03595	
<persName ref=""people.xml#buh01"">Bühler</persName>	letter-03654	
<persName ref=""people.xml#bul01"">Булгакова</persName>	letter-00082	
<persName ref=""people.xml#bul01"">Булгакова</persName>	letter-00088	
<persName ref=""people.xml#bul01"">Булгакова</persName>	letter-00089	
<persName ref=""people.xml#bul01"">Булгакова</persName>	letter-00845	
<persName ref=""people.xml#bur01"">général Bourgoigne</persName>	letter-03001	
<persName ref=""people.xml#bur02"">Burigni</persName>	letter-03600	
<persName ref=""people.xml#bur03"">Burke</persName>	letter-03669	
<persName ref=""people.xml#bur03"">Edmund Burke</persName>	letter-03669	
<persName ref=""people.xml#bus01"">Buscher</persName>	letter-03642	
<persName ref=""people.xml#bus01"">Busse</persName>	letter-03695	
<persName ref=""people.xml#bus01"">Du Buscher</persName>	letter-03642	
<persName ref=""people.xml#bus01"">M. Busch</persName>	letter-03593	
<persName ref=""people.xml#bus02"">Buscher</persName>	letter-03662	
<persName ref=""people.xml#bus04"">Busse</persName>	letter-03692	
<persName ref=""people.xml#bus04"">Busse</persName>	letter-03694	
<persName ref=""people.xml#bux01"">C-te de Bux</persName>	letter-02936	
<persName ref=""people.xml#cae01"">César</persName>	letter-03594	
<persName ref=""people.xml#cae01"">Jules César</persName>	letter-03679	
<persName ref=""people.xml#cag01"">Cagliostro</persName>	letter-03587	
<persName ref=""people.xml#cag01"">Cagliostro</persName>	letter-03621	
<persName ref=""people.xml#cag01"">Cagliostro</persName>	letter-03625	
<persName ref=""people.xml#cag01"">Cagliostro</persName"
